OBJECTID,Name,Shape__Length
1,parc Odell Park,
2,parc Odell Park,
3,parc Odell Park,
4,parc Odell Park,
5,parc Odell Park,
6,parc Odell Park,
7,parc Odell Park,
8,parc Odell Park,
9,parc Odell Park,
10,parc Odell Park,
11,parc Odell Park,
12,parc Odell Park,
13,parc Odell Park,
14,parc Odell Park,
15,parc Odell Park,
16,parc Odell Park,
17,parc Odell Park,
18,parc Odell Park,
19,parc Odell Park,
20,parc Odell Park,
21,parc Odell Park,
22,parc Odell Park,
23,parc Odell Park,
24,parc Odell Park,
25,parc Odell Park,
26,parc Odell Park,
27,parc Odell Park,
28,parc Odell Park,
29,parc Odell Park,
30,parc Odell Park,
31,parc Odell Park,
32,parc Odell Park,
33,parc Odell Park,
34,parc Odell Park,
35,parc Odell Park,
36,parc Odell Park,
37,parc Odell Park,
38,parc Odell Park,
39,parc Odell Park,
40,parc Odell Park,
41,parc Odell Park,
42,parc Odell Park,
43,parc Odell Park,
44,parc Odell Park,
45,parc Odell Park,
46,parc Odell Park,
47,parc Odell Park,
48,parc Odell Park,
49,parc Odell Park,
50,parc Odell Park,
51,parc Odell Park,
52,parc Odell Park,
53,parc Odell Park,
54,parc Odell Park,
55,parc Odell Park,
56,parc Odell Park,
57,parc Odell Park,
58,parc Odell Park,
59,parc Odell Park,
60,parc Odell Park,
61,parc Odell Park,
62,parc Odell Park,
63,parc Odell Park,
64,parc Odell Park,
65,parc Odell Park,
66,parc Odell Park,
67,parc Odell Park,
68,parc Odell Park,
69,parc Odell Park,
70,parc Odell Park,
71,parc Odell Park,
72,parc Odell Park,
73,parc Odell Park,
74,parc Killarney Park,
75,parc Killarney Park,
76,parc Killarney Park,
77,parc Killarney Park,
78,parc Killarney Park,
79,parc Killarney Park,
80,parc Killarney Park,
81,parc Killarney Park,
82,parc Killarney Park,
83,parc Killarney Park,
84,parc Killarney Park,
85,parc Killarney Park,
86,parc Killarney Park,
87,parc Killarney Park,
88,parc Killarney Park,
89,parc Killarney Park,
90,parc Killarney Park,
91,parc Killarney Park,
92,parc Killarney Park,
93,parc Killarney Park,
94,parc Killarney Park,
95,parc Killarney Park,
96,parc Killarney Park,
97,parc Killarney Park,
98,parc Killarney Park,
99,parc Killarney Park,
100,parc Killarney Park,
101,parc Killarney Park,
102,parc Killarney Park,
103,parc Killarney Park,
104,parc Killarney Park,
105,parc Killarney Park,
106,parc Killarney Park,
107,parc Killarney Park,
108,parc Killarney Park,
109,parc Killarney Park,
110,parc Killarney Park,
111,parc Killarney Park,
112,parc Killarney Park,
113,parc Killarney Park,
114,parc Killarney Park,
115,parc Killarney Park,
116,parc Killarney Park,
117,parc Killarney Park,
118,parc Killarney Park,
119,parc Killarney Park,
120,parc Killarney Park,
121,parc Killarney Park,
122,parc Killarney Park,
123,parc Killarney Park,
124,parc Killarney Park,
125,parc Killarney Park,
126,parc Killarney Park,
127,parc Killarney Park,
128,parc Killarney Park,
129,parc Killarney Park,
130,parc Killarney Park,
131,parc Killarney Park,
132,parc Killarney Park,
133,parc Killarney Park,
134,parc Killarney Park,
135,parc Killarney Park,
136,parc Killarney Park,
137,parc Killarney Park,
138,parc Killarney Park,
139,parc Killarney Park,
140,parc Killarney Park,
141,parc Killarney Park,
142,parc Killarney Park,
143,parc Killarney Park,
144,parc Killarney Park,
145,parc Killarney Park,
146,parc Killarney Park,
147,parc Killarney Park,
148,parc Killarney Park,
149,parc Killarney Park,
150,parc Killarney Park,
151,parc Killarney Park,
152,parc Killarney Park,
153,parc Killarney Park,
154,parc Killarney Park,
155,parc Killarney Park,
156,parc Killarney Park,
157,parc Killarney Park,
158,parc Killarney Park,
159,parc Killarney Park,
160,parc Killarney Park,
161,parc Killarney Park,
162,parc Killarney Park,
163,parc Killarney Park,
164,parc Killarney Park,
165,parc Killarney Park,
166,parc Killarney Park,
167,parc Killarney Park,
168,parc Killarney Park,
169,parc Killarney Park,
170,parc Killarney Park,
171,parc Killarney Park,
172,Nashwaaksis Stream Nature Park / Parc nayurel du ruisseau Nashwaaksis,
173,Salamanca,
174,Valley / Vallée,
175,Gibson,
176,Nashwaaksis Stream Nature Park / Parc nayurel du ruisseau Nashwaaksis,
177,Northside / Rive Nord,
178,North Riverfront / Riverain Nord,
179,Lincoln,
180,Nashwaak,
181,Old Train Bridge / Ancien pont-rail,
182,Nashwaaksis Middle School,
183,North Riverfront / Riverain Nord,
184,North Riverfront / Riverain Nord,
185,Reading Street Park / Parc rue Reading,
186,Valley / Vallée,
187,South Riverfront / Riverain Sud,
188,Crosstown / Urbain,
189,Crosstown / Urbain,
190,Crosstown / Urbain,
191,Crosstown / Urbain,
192,North Riverfront / Riverain Nord,
193,Vanier,
